"well","1","2","3","4","5","6","7","8","9","10","11","12","13","14","15","16","17","18","19","20","21","22","23","24","25","26","27","28","29","30","31","32","33","34","35","36","37","38","39","40","41","42","43","44","45","46","47","48","49","50","51","52","53","54","55","56","57","58","59","60","61","62","63","64","65","66","67","68","69","70","71","72","73","74","75","76","77","78","79","80","81","82","83","84","85","86","87","88","89","90","91","92","93","94","95","96","97","98","99","100"
"A01","6000","13052.5659853606","6000","14964.2433422946","13928.5456775039","21621.3634314141","14918.3584873936","23778.7416548757","6651.76527537659","18261.44217111","25768.0032577952","25199.4838674773","31502.3046813637","7985.24296109278","22940.5485560028","20608.1094625909","26860.5727455897","29745.5360007615","24609.3126528655","31493.6675501555","42092.4780760279","38293.7832330522","32807.8895456044","41122.1023151459","42967.3507984027","45412.0670466286","40008.8429772525","62961.7682270074","65306.1754388234","62098.7406887985","68453.1090927427","66229.7687202596","76819.9356946789","70126.0224096377","79046.8308690951","87210.0829442762","94955.2985707534","87190.7378936615","95594.553052185","96042.7798194032","96887.642694368","118775.812430622","107934.129016472","125923.78861099","112293.305068007","110702.670774327","119522.377176765","121559.291702952","136229.664113389","127551.636528888","127929.350519659","136451.680864108","133192.559579087","135110.732872316","133001.608853696","138649.145982174","137692.96315107","147729.480153679","148653.861473286","132353.278608498","140630.71474643","145697.595350672","147592.344704349","147417.988297031","150000","146064.284686413","149813.905834214","150000","148517.755688338","150000","150000","150000","150000","150000","150000","149436.479454615","150000","148329.318168934","150000","150000","150000","150000","150000","149140.844227782","150000","150000","150000","150000","150000","149057.828730712","150000","150000","150000","149221.143030724","150000","150000","150000","149711.679669114","150000","150000"
"A02","16300.4883600305","14035.3504379522","18088.1133294031","24480.0767472238","14003.606964184","17756.8223068783","22790.2653852368","29678.9113140284","32092.3520739177","26181.2394245638","25199.4194658653","37732.9328040982","32902.6008927972","35252.6901010366","37382.7856075808","42273.2007063168","47888.0714718006","46995.4687147969","42578.4576763976","52579.6509697497","63729.3078437437","70789.4617806098","82221.3307385413","74777.8144398466","74011.7011116431","84156.0190068246","91093.5938722989","107174.924131778","98798.1385946298","110397.880762434","111174.657984402","126612.509113743","130883.229647314","143269.920984015","146815.311954807","150000","150000","150000","150000","150000","150000","150000","150000","150000","150000","150000","150000","150000","150000","150000","150000","150000","150000","150000","150000","150000","150000","150000","150000","150000","150000","150000","150000","150000","150000","150000","150000","150000","150000","150000","150000","150000","150000","150000","150000","150000","150000","150000","150000","150000","150000","150000","150000","150000","150000","150000","150000","150000","150000","150000","150000","150000","150000","150000","150000","150000","150000","150000","150000","150000"
"A03","22720.3437756018","17268.7388513723","28351.9535471386","18656.4023304053","28785.9161835675","19298.4876042573","28941.0621688127","25112.9568094642","32900.2584880692","29523.1513523171","39989.9192841287","29508.529025478","44372.0384230788","43451.5663702678","64644.8430256711","68226.5953906745","74594.6374309683","70108.2511098549","74159.4734738303","74504.885805478","94254.1369001847","98187.3816470418","92200.6780647361","110429.312905638","113619.239100148","133028.140565729","139503.15318772","140081.060004927","150000","150000","150000","150000","150000","150000","150000","150000","150000","150000","150000","150000","150000","150000","150000","150000","150000","150000","150000","150000","150000","150000","150000","150000","150000","150000","150000","150000","150000","150000","150000","150000","150000","150000","150000","150000","150000","150000","150000","150000","150000","150000","150000","150000","150000","150000","150000","150000","150000","150000","150000","150000","150000","150000","150000","150000","150000","150000","150000","150000","150000","150000","150000","150000","150000","150000","150000","150000","150000","150000","150000","150000"
"A04","6000","6000","8916.50126530389","9653.83110231261","6000","12798.4153980284","6000","6000","6000","6809.28992452598","6000","7648.57135830948","8858.69915115423","6000","9962.11080013103","10303.7851190783","12151.3618480527","6000","6000","6000","18204.2272061848","17056.2442036406","6451.24352310435","26474.8528032523","12340.39770831","15745.2596844426","18502.768444732","19587.9105411952","6000","15838.6581430151","6000","22024.4870651729","16190.122599965","19429.6250449902","28910.2602940214","24576.3735364391","20335.1955681282","18647.7481595083","34870.8240605034","34237.791963562","27600.2675449532","30186.23045181","46365.9311075977","37571.829901713","51558.714497069","48090.1245461908","57675.8567936213","45794.7517620001","57430.0789289081","69692.6565142978","62103.5987861873","58589.4938808806","67000.4633403465","66825.0345773699","76931.2139880657","82221.4744328436","81131.9130843828","89783.1810121301","92266.7036292271","91883.0544307686","89310.6198344825","107684.385757181","95545.531180499","109217.311482917","114681.205310638","106558.069432167","117179.966748068","125298.339546243","122687.776100025","127548.45822434","128436.79999205","135657.492890464","131724.134098406","121505.041295526","150000","124911.325747269","137961.776915573","132067.972761335","136803.370292331","135455.597064192","141826.972014205","150000","143021.359374704","146330.31476232","136160.082682976","150000","150000","150000","150000","149286.526155929","150000","140570.612036398","150000","145563.254321132","150000","150000","150000","150000","150000","150000"
"A05","12411.4234436525","8722.2259827003","11600.1234607831","6000","6000","6000","11584.7064029995","7797.91124002693","6000","11258.5873143239","6000","6736.08345891275","10575.0919580598","16193.3022283462","31014.5448249289","11360.5264282402","9658.10804510809","21500.984652477","15520.1924525442","16923.282430712","10075.0147276954","6000","23479.7668518284","9500.04168639962","19171.5737073857","22261.4834240925","17574.2400439807","23668.2790412659","24013.3463536821","22762.4194615112","38270.6307384792","32364.5983017349","40526.2029664554","30189.7876697419","31106.0791313218","41698.9553659203","38606.310848848","43302.9108551974","57765.3200260229","58255.771125743","61369.1434544762","69784.9273661208","69125.8454315432","82353.0378959129","79212.5652545906","98753.7271650482","91984.4954495995","98180.6341682378","108449.128806615","119301.659093956","118599.804843209","122496.035909473","133908.890008098","134418.833145726","146245.30576688","150000","150000","150000","150000","150000","150000","150000","150000","150000","150000","150000","150000","150000","150000","150000","150000","150000","150000","150000","150000","150000","150000","150000","150000","150000","150000","150000","150000","150000","150000","150000","150000","150000","150000","150000","150000","150000","150000","150000","150000","150000","150000","150000","150000","150000"
"A06","8145.04583253559","15093.1046697119","6000","6000","9829.75947476306","19861.4652945793","6000","10884.2026787245","10412.9524701526","9194.43366302405","24840.8495504078","6949.78827231049","6000","20576.8060248881","6000","9048.58010516976","10347.7568684233","11288.2457971327","17208.027834873","15727.6822265397","17353.1279970695","17211.6557644071","31686.7406479399","21799.7065245687","32298.8658747649","34578.6583046815","30255.570244602","33364.5919813959","29715.9773155016","42754.2331996102","41539.4941711094","30552.3462935112","54933.7201499157","61533.6502089954","62833.9913164533","58730.2600292194","71820.8483634482","76124.8217252608","81737.1131339393","82079.2711704264","91738.4832578955","88443.3800535172","105581.761770525","107747.021735603","125435.456310095","126177.319040538","135948.425241441","150000","150000","150000","150000","150000","150000","150000","150000","150000","150000","150000","150000","150000","150000","150000","150000","150000","150000","150000","150000","150000","150000","150000","150000","150000","150000","150000","150000","150000","150000","150000","150000","150000","150000","150000","150000","150000","150000","150000","150000","150000","150000","150000","150000","150000","150000","150000","150000","150000","150000","150000","150000","150000"
"A07","6000","6000","6000","11993.0784682916","16818.2939043173","7414.42233649651","6000","6000","6000","10067.4590628812","6373.87616329217","6000","6000","6011.8645864641","6000","13557.8772298986","6850.67279948983","10905.630560011","6000","9848.74802778253","11942.751842362","6000","6000","7092.72485116601","6000","15204.8691665729","10605.4285138297","15718.9046279413","11751.6258567668","12445.121407424","6000","9525.82526784259","6000","6000","21993.5545822099","6000","6000","8692.54413340758","21720.0713367674","24214.0125297949","6000","6000","8817.95984304258","13920.5386925822","23728.0945373126","6000","6000","14821.4592509216","17340.0838774058","16762.5890933754","6977.70535431324","17665.9168880307","15474.5169636234","6000","9136.48755950425","6000","25033.9159067075","23701.7667458397","15098.9486960545","20324.9761321314","16247.9770975308","7235.04454116154","13738.340383347","21727.7456068096","18072.3279809044","28043.4329594962","35929.2005576868","30581.2735811089","37426.4925109464","40866.3964909174","37296.9088531286","46001.8026170918","44242.2230728487","40121.8795169424","41419.4160488329","51555.9296151001","77078.1372764988","67382.0751967942","75746.8707056949","71317.032598217","67994.1866108929","65355.2243851196","75459.0834130847","79902.2710926933","84075.053120115","90893.4013146176","95670.2859682204","90003.5078056896","97029.2718499884","109141.957242394","96763.417700237","113404.94007084","119517.397410109","114899.279388804","108354.050026797","118616.648701896","121837.463375641","126337.197235967","123848.183668281","124116.849484904"
"A08","8302.26772035464","6000","6000","12479.6566028258","15093.3753332668","6000","6000","13506.1277068058","8454.55549601111","11794.7268216461","6000","6000","6000","6000","8803.36411014505","11531.6915721045","6000","9529.3165182534","6000","7450.72648310864","20647.7079616997","13545.3510267774","6000","6000","11286.7979246961","9948.89469856149","8281.37225701809","6000","27081.4401637535","6000","14868.8966966451","9758.45529271331","10615.0104541581","9391.80732057182","10827.2059169071","6000","6000","6000","11389.3721814875","12346.8436776602","16218.4494447344","6000","16336.3975218477","14662.643586413","6000","12372.9962039547","6000","16078.3319617586","6000","11930.6585258599","22742.0173493975","19246.113802757","6000","18419.9228747711","18889.6957910854","18499.6339557129","24242.5279184342","33696.6916103518","25307.8400826968","34297.0567251146","46154.265457507","31702.1670577897","39081.5761728802","51247.3354021866","47386.4411970824","54664.206362055","52738.1409458405","47620.8652364555","73000.1752480976","67855.1415105432","73455.043430373","73315.3690116609","69176.907338306","76413.2266651334","88955.1704002876","97300.5332519795","103384.134910629","111195.865074481","116432.260255274","121669.885068292","130670.683236096","143223.429496821","150000","150000","150000","150000","150000","150000","150000","150000","150000","150000","150000","150000","150000","150000","150000","150000","150000","150000"
"A09","6000","6000","14216.3119759457","6219.18609452573","9477.6944972812","9782.96352151043","11265.6716477486","6000","16981.7851157337","9846.46260271547","6000","6000","12730.0349930642","6000","9983.83643639172","10238.1408144605","6000","9988.23947454783","11083.6052236652","6000","8479.72041059415","6000","6000","6000","8414.19018617945","6000","10833.2297899731","18090.6146488042","6000","6000","16845.8793459508","6000","13229.9920901079","6000","13763.3898735228","6000","6000","6000","7592.03270178995","13199.0515771696","10567.6657943819","6000","20024.0259039624","12941.8169493825","11429.7113311378","11184.2700974518","22212.907383182","24206.1907365531","12023.2967140493","29522.8725945627","17454.2758589619","23909.6209708975","22630.1860310655","30002.1091230227","25935.5214412396","43951.8639280455","38042.8091977279","38152.1249914702","42693.3621513019","43655.3894976559","55711.1733973339","46798.6213818411","67277.3750379738","63247.4648621888","68104.2800807121","70106.0235950295","81495.0878485531","85428.6055552494","89656.7185521837","89485.94573911","111133.846835752","115258.74469402","111008.55769066","126806.512978162","143689.179349767","136764.681401799","150000","150000","150000","150000","150000","150000","150000","150000","150000","150000","150000","150000","150000","150000","150000","150000","150000","150000","150000","150000","150000","150000","150000","150000"
"A10","6000","6986.68506216475","6000","6000","6000","10792.4386693136","6000","20917.6091489137","6000","6000","7553.65350908492","6000","12678.9778793391","15437.164430552","14147.0521951507","6000","26978.1998176706","6000","7178.13421480442","6000","6000","12222.9325337247","6000","6000","6000","13963.2395639111","16399.0977472911","6000","12783.9089290265","6201.19290678652","17174.0971437963","6000","6000","6368.43470414598","6000","12028.76134983","7072.89554173742","6000","6000","6076.2574715251","6000","8408.47416479129","12698.8613993434","6000","6000","6000","9051.94901598256","6000","6000","6606.06518906842","6312.57415481804","6000","6000","20921.4293962638","17733.2905439805","19865.9330339229","11885.3791733712","6000","9844.09759580438","13983.3476700706","19211.9086948347","19530.5487825426","6000","13264.1615467687","8420.33503325685","12328.498934746","7357.80402469335","6000","20081.073388382","6000","8302.65543113181","17349.4115456037","7066.54737197664","9290.68945771571","16583.4498669039","6000","23084.3481965497","27532.71148564","18683.3125838175","28659.6474173015","21977.6672640364","34578.9001243367","22671.2450087513","20966.8242812165","36747.4385305784","28729.705809968","37342.8689298031","36810.1225087383","31127.7120999691","41303.6308266806","46791.120860872","51826.26297627","51496.1378507609","58607.4594582979","55748.8258149638","74174.7413121092","59894.4049146723","56346.2208026348","76499.9780747245","70099.3784340761"
"A11","11624.9936882913","6000","6000","6000","6000","8891.39349351599","15621.6127124869","6681.78627555179","8434.03383389033","6000","12624.4670252105","13170.6215428014","12521.8532395415","18945.356490157","10815.6774656168","15531.9317496158","13822.53118103","13183.9168971007","6000","6000","8394.63687765937","10516.9021010938","6000","14872.8031936339","6627.53566733392","10939.75611679","6440.21617426596","6000","6000","10373.4263722144","6000","16563.6896342591","7847.8132522762","6000","14276.1463462455","14212.2262378154","6782.97183119277","6000","6278.84809690207","7890.05845264837","13786.6533277652","17170.43817095","6000","10103.5105291734","6000","6000","6000","17688.3443651703","13131.2613230996","12093.1724815472","6000","24930.2889121963","6722.25267791215","6000","12667.8563974146","19033.6653050337","6000","20474.3683420039","7770.69659180623","6000","17767.6212956969","6953.13196447056","18238.8802687789","17366.0689622259","6000","19078.4268031661","13200.4616430463","18860.9755208753","31834.0098408784","13150.662197662","21531.1303434959","26589.424313291","27671.3543186788","22179.8281231156","35433.705081626","26883.7174504704","37614.1099072746","33976.7966125459","44698.4998119163","39517.1393878833","36907.1890583194","36972.4843261224","41177.0586003913","43526.2971962226","62633.8105669994","61295.2267552345","69597.3724099835","67802.6390752774","67094.86158345","83119.9888292404","80553.7930871287","83185.7033425608","99505.9116157503","107577.252125754","104779.629813271","111998.931301004","116691.300017901","123321.949930808","134317.267876774","143030.329067992"
"A12","7724.82908351667","10032.8758220463","6000","12784.043551413","6000","15185.5972830278","6000","23069.2974799549","6000","8037.80455262901","12638.9517826761","9135.70141319027","6000","12469.6483345512","15848.884897109","6000","6000","6000","10581.7836819281","6000","6000","6000","6414.68635874512","6000","6000","6000","6000","17899.0676021505","6000","14966.0857359244","7410.52651673969","6000","18788.3938317421","6000","13198.8498569248","15415.1951717432","6000","6000","6000","8542.94780855046","6000","6000","11869.2153352439","6000","16955.7665956889","6590.11715707076","11074.6496670876","13941.4522112364","7636.25518481892","6088.11559827966","12731.2681359919","6000","12199.9351595803","10990.2106803656","13372.7773178367","10176.0910811774","13571.0858745065","14981.6453690494","20349.3353420843","14378.5004515451","21142.2502317261","11620.7859794438","24771.9808407911","18181.2375888666","20736.0432590027","18664.9272931836","20830.4637571073","9183.12648320219","15191.1745190354","13723.9051806565","22295.2285849886","32273.1906338693","26795.6587218374","33623.5790707634","30903.3387957451","52508.2871097648","37678.625850726","49815.5139773648","50584.448274033","55557.7314582172","66942.3484518937","58763.0436863536","77839.2176852615","81271.9795645565","81131.3145007635","90953.6652701029","88363.2314032587","93037.1490818437","106602.481417721","111360.934970254","117802.24830691","132621.520522381","128111.861310206","150000","150000","150000","150000","150000","150000","150000"
"B01","10548.8671261575","9020.54670474768","11109.7557559005","7486.13249932997","6000","6066.49280264271","11050.512466463","6000","6000","6540.36943413181","6000","6000","8001.50943522188","9406.3799196323","6020.43990671558","9131.17690532498","6268.88161219817","6000","11895.8139655075","6000","10186.1142814358","6000","6000","6000","8670.72404233795","6000","7433.22485688204","10699.8080898091","9487.73512155932","12366.0092168378","6000","6000","6000","10206.6797175128","6000","13121.8974586419","6000","6949.76113258622","6000","6000","9582.17685078643","6444.04508301636","6000","6708.89070154939","6000","7445.31939978159","6251.83100917448","6000","8782.20636029221","8716.7590547119","6000","6000","6000","7468.84535866067","6000","6000","6311.45374327329","6000","6000","6000","9284.97903426917","6294.14746623364","6899.88690209823","9646.60983652934","7489.2712274479","6000","6000","6000","6000","6000","6000","6000","6639.55580104995","6606.78765090436","6000","6000","9782.92692836335","8424.29534304116","11763.8246172951","6000","7227.92978773063","6000","15549.8167918205","6000","6000","6000","6000","6000","7915.7887022102","6779.5980709778","6000","7114.33662840856","6000","7527.28168071864","9805.77335691088","6000","6431.7201912829","7656.19051289763","9616.17467262567","9174.28229565981"
"B02","7671.72238319262","10315.6705229084","6639.73358480499","6598.15712104568","6000","6225.98238089696","7510.18327545096","7481.30375005312","6000","6000","8245.53576701987","6000","6000","7812.61595904079","15387.7519197606","6000","6000","6000","8266.82231116034","6000","10672.3317254905","9257.70118087928","10010.4285405853","8129.15103544287","7845.77531061807","7225.75271454297","7310.33120744356","12086.4145023333","6000","7427.80063629352","7783.08754220254","6000","6000","8283.14962519511","6000","14895.5527335177","7050.05781495811","7232.86696847291","6248.64849243391","9011.02360286461","9263.03539947788","6877.65110507737","6074.03804331927","6000","10148.7974878081","6095.45199228354","6000","8197.17781182277","6000","6086.10988534639","6000","6000","6000","6369.11264927289","6000","7998.86131062633","6521.34535639072","11068.2825516615","6612.57890838007","6000","6000","6000","6000","6000","6000","6175.57310287591","9332.37971920656","6000","6595.6780079971","6000","12115.0169792607","7009.47291365264","6000","6681.11004173036","6000","6000","6000","7262.81641345429","6000","6000","6000","7560.2069076792","11578.5471381908","9893.94012563687","6000","6000","7664.73671101224","6000","6000","11417.9041492367","6000","9555.44196872324","7171.18972136679","11671.060506824","6090.28326717431","6514.32475100058","6000","6968.00934418017","7421.43077132584","8846.86298500417"
"B03","8374.72619237617","6000","9335.70443144084","9304.60659174822","8453.86122068766","7777.78378975544","6000","6000","6000","6000","6519.52439259169","6995.67022807362","6000","7896.55222066334","7636.0280663735","6000","6000","6000","8457.51678264077","7868.05115895868","9628.0824181294","7722.33319545247","6000","7720.8540123857","10361.3160297523","6035.6353892056","6380.93898706734","7572.24956282084","6025.54393905549","6000","8145.8697339045","6000","6000","6000","6000","7797.47882685398","6288.85518292578","6000","7012.64785388884","8379.50805925011","9566.2244395526","6404.47335270222","8818.95144744915","6000","7402.98934819602","7684.25065338227","6000","6419.97995031708","10407.7006218478","6000","7168.93391208276","12178.6844684147","6000","6420.31005520484","6000","6903.21859872005","10331.5940213261","6000","6000","6218.93383223513","6000","11583.2443970451","6000","6000","6000","6000","11875.5949834467","6000","6000","6000","11032.0198554159","7546.40352500473","6000","6000","13777.4624645701","6000","6000","11849.4722991624","12509.5240961232","6000","6000","7684.35726391579","6531.20899025891","6000","6000","6261.03349833583","6564.97684892052","6000","8641.43369951408","6249.00639158118","6000","6628.9117957929","7633.58616492342","6479.1465798045","6000","6000","8273.51953092468","9044.65902816689","7467.10332416476","6000"
"B04","6000","6000","6444.19137613218","6000","6000","8066.29647346623","6000","7379.47481234334","9436.14341453359","8715.85784395938","6000","6000","6835.63966561056","9269.45148583722","11020.5866925277","6000","7973.53994223481","6000","6498.22607344429","6000","6202.90730207104","6000","6000","10069.7697945065","6000","7690.21985165095","8721.5835404134","6000","6000","7664.84265054502","9052.72046562062","8553.96950744608","6000","6000","8829.7530423114","6100.89551354456","6000","7044.11752098425","10240.2513179209","6000","6000","6000","6640.73720524874","6000","6000","6000","6000","9523.92019154899","6000","6000","6000","6000","10441.5173118156","6000","6905.84115029163","6000","6386.49277682598","7671.01863752642","6000","6000","6000","8818.83819934972","7955.00496327462","6000","7062.5905222272","6000","10686.6139286363","7530.92395174924","15873.0053465684","6000","6000","6000","7139.82769478475","10533.0549478008","6000","11057.3881838751","6082.85602403455","6000","6000","6578.56867245128","6000","6000","6000","7645.41923516186","6000","6000","7679.42036190386","6000","6000","6000","6000","6000","6000","6932.66622325294","6000","7129.90899479702","6000","8545.00010307933","6000","9140.99789900152"
"B05","6000","7463.98838116261","6000","9176.07845367668","9923.19188334121","6000","10575.570049555","7807.99392037341","6000","6000","6000","8484.92757255219","10318.2695260467","6000","9907.34577839606","7904.90102384606","6000","8684.98986746915","6635.92108133439","6000","6000","9116.96618895314","9083.1262425705","6000","7442.86139618802","6000","8836.88070327715","6000","10906.2484005586","8337.72999514061","9785.42375743873","6000","6000","8088.15904039625","6416.29257151612","10735.2420641846","6000","6000","8100.37647861747","6000","8856.64673434761","6000","8531.75808915833","6000","6087.28410637237","6000","6000","6000","6729.0383279623","6000","6000","6267.14662246031","6000","6000","9512.39057817038","7147.07754398127","6000","8107.84556303064","6000","6837.96370960177","6000","6000","9532.81100774577","7771.3091828606","6000","6000","6304.12055746662","6000","6000","6351.50340145628","6000","6000","6000","11041.582008426","8837.06378271573","10044.1323022678","6000","6000","6000","6000","6000","6000","6000","6000","6000","6000","6000","18226.3285631503","12979.59628287","10884.7457911046","6288.31096024297","6000","6000","8218.42694512292","6000","6000","9184.97979562376","6000","6000","8125.12005631478"
"B06","8327.57445976806","11234.9833769931","6000","6000","6000","6000","7034.7120962336","7619.66756072665","7758.81123345029","9973.47004308576","6000","6852.54927740859","8519.68376394513","8677.07372114594","8878.43263403813","6138.08847671231","8285.70900609733","9540.30378990538","6000","6108.65128081979","8726.28726418168","7953.20162221781","11543.1796363605","6000","9585.62804028297","6000","9277.52008348789","6000","6000","8392.3457104332","6000","6000","7121.33561576177","6000","6000","12290.4386335682","6000","6000","6000","7347.71040111182","7263.23083799582","6000","6000","6218.32845295","6164.76919924422","6000","7246.84775884718","6000","6000","6000","9953.21297035196","6000","6000","6000","8129.0460896976","6806.48214637019","11653.707647258","6851.94257729844","6000","6000","6000","7340.205022329","6000","7001.48832669716","6000","6703.3102805928","11900.8558676907","6000","7638.64074691224","6000","15499.6087176474","10352.4184495511","6000","6000","6000","6153.03275240141","6341.71990363274","6000","7020.81609191383","7939.81746073293","6000","9535.17386519604","7300.60214135891","6000","8821.49311886704","10327.0455660795","6000","10959.0396267659","6000","6000","6000","6000","10270.6567812035","6000","8735.24835399374","11665.9448303604","9242.77704438951","8470.99179896635","6000","7797.479642306"
"B07","6000","6000","6000","8226.77224029036","10945.0002511274","7117.56524401942","6000","6000","6000","6000","6000","8701.22087791985","6000","16108.2992312517","6000","13425.6504525751","6937.2348065609","6000","6349.26122681594","7222.48412154266","11999.0302737857","8887.84394360508","6417.58860812424","9335.63236116713","9259.72946701703","6000","8793.68086192615","6000","6328.06144358943","7190.69681608214","6000","6000","6000","7410.58561829775","11061.7141743836","6000","6000","6000","6000","12294.8777824409","10460.3503603691","6000","8730.0239702251","8238.62349060097","7517.86502814129","6406.46828196328","6000","6000","6352.45267137459","6091.02727399722","6000","10114.3525652177","10558.043828729","9060.77782673939","6000","9667.02726754106","9362.23100124116","8550.25789582537","12345.7708673582","6000","6000","9329.92859613915","9999.77548872281","9223.04605553007","6685.46113093686","11012.1965075414","10309.5841839184","6000","6000","6000","6000","8792.74615269351","6000","6000","8280.42965865944","6027.02494534638","6698.37026220391","6000","9610.81003462061","8883.48953883904","6000","10315.2887903848","7863.25540826753","6000","6000","6000","8038.06573734689","6000","8906.1872381898","6000","6000","9587.01842025978","7073.6511897172","6000","6000","6000","6000","11013.6751963934","6000","10623.5248425521"
"B08","10325.9803390632","7973.06303239442","6000","6000","6000","6000","6226.78483165138","8785.25670713886","6000","6000","6270.49650119392","6000","6889.00475410765","7560.94240711066","7540.73011725768","6000","7417.64230620469","6000","6000","6818.26165209419","10198.4808922376","6000","8379.39456126631","8683.27813644173","6000","9656.33178848262","6561.25227187021","6000","6000","6000","8788.18449683397","6000","6000","6000","6000","14027.0834874303","13057.229462815","6605.74692429717","6000","6000","6000","6000","6000","6000","6353.03171621199","8959.5083159657","9782.53347820344","6000","9169.2492035567","6000","6000","6000","6000","6830.24241536061","6000","6000","9913.30296093461","6000","6000","6000","6000","10093.947763544","8857.58722618468","6000","7022.06763572245","8460.20040690949","14468.9965477454","6000","6000","6000","6890.00521209549","6000","6381.38725914684","6000","6000","6000","8878.77323761041","9255.28920595446","6000","6000","10024.51174922","7610.87107056543","7645.92331719347","6334.47370048603","11525.9054430775","7222.00717521284","6000","6000","6000","8847.67110148822","6000","6000","8304.16802863761","8863.2601596593","10746.3432707399","6000","6000","9868.80228921107","6000","8845.4719840847"
"B09","8570.87648597573","7116.1881695064","6000","9932.86017259092","6000","6000","6724.35161144346","12391.912801719","6000","6000","8532.08490506372","11196.4727378738","9242.89418028759","6559.51889776933","6000","6000","6931.95655502649","8565.0024614319","6000","6000","6000","6000","10324.0592353993","6000","6000","9096.33213261668","8361.99315304961","12129.6511117205","7315.2188201103","6907.60079042414","7141.47145682035","6420.1576238882","6000","6000","6000","7518.80613414795","9949.7267995207","6402.12816174834","13952.7797900758","6411.70763094785","6000","9190.57237048419","6000","6714.86531428933","6000","9497.57807582739","6546.11452869591","6000","6000","8732.36840062912","6000","6000","6276.51485841418","6000","6000","6000","6000","6000","7060.36381705549","6000","8103.97972085547","7259.61127714604","6938.55062385464","6000","9293.36281785245","9203.65116424509","8815.72065039097","8144.51985757716","6000","6185.21936333152","6730.86314298469","6868.3666363056","6814.08275878122","6000","6000","6000","6000","7236.82971542313","6000","7269.05489990651","6000","6000","6611.76072587073","11392.9921701354","8946.12246253281","6000","6902.23500325123","9770.01488915777","6000","6000","6000","6000","8405.88168440028","10592.2855005362","6737.51405722789","6406.82792608971","6233.05407223811","6000","6000","8880.99237120658"
"B10","6000","6000","10628.0378236647","6000","6044.32153037972","13428.8048244149","6000","6000","6000","6000","6000","6746.94372476039","6000","24023.477559838","12101.421706463","11778.3474973784","12769.7653112583","6000","7638.85400260256","6000","6000","6000","16851.611523169","6000","9469.34703319287","15908.4677842672","6000","12322.1661358916","22094.3818615096","6465.09546846398","17177.5144788413","11987.0352382932","6000","11143.2860930322","6000","6000","10257.1281117539","12614.6254922695","6000","6000","6000","6000","8975.39736584838","6000","6000","13849.7101166692","6000","6000","6000","8839.60668259745","6000","8023.50520573031","15414.497723779","6000","6265.79069333448","17524.6351519254","6000","8503.72017020259","6000","19355.7341600099","16036.9513597628","11803.3883204147","6112.83099742632","10066.3764456126","21930.0944341693","11656.6794465894","6000","11179.6471414423","14118.2941061201","6000","10816.6386034957","15125.1847539223","16588.0659893791","25362.9848708027","6060.68252922671","19308.7769448798","21635.9227460572","20141.1167327142","19857.6363332315","21277.6901115529","20851.9225915512","21427.3806056941","30470.8764391115","28339.3237795122","30730.6984434902","37367.1327501215","45860.8325397684","33205.3889816188","46518.9618917554","46692.3336840493","41558.6568198638","51147.5992696866","54499.4557928006","58332.9105555629","69527.8326199852","76857.2572192954","80730.1511506387","72504.6449427911","72882.5892529178","80710.4788913803"
"B11","9442.2001369131","14605.8941586025","6000","6000","7820.92909044088","11928.5825356409","9746.16916021572","6000","12537.1600752466","7414.20862092083","10856.6751606283","6000","6000","6000","10545.8852209382","6000","6000","6000","6000","7462.10498890156","6000","6971.36355764469","6000","17129.1528057988","7549.09145646754","6000","6000","7964.62105148601","6000","10161.9642306008","6614.29256745221","6380.39923917713","13395.205302135","6000","13183.4808569385","7409.45949027944","9579.44401333691","15404.6112974018","10520.2200388253","21597.7639250702","17022.5156097332","20223.507486868","6000","6000","6000","6000","15389.5573659507","6000","14014.685039022","15114.9047837822","6000","15887.8119701634","11281.1582591422","6000","11723.205422273","16199.6639581247","24115.4340270995","16648.3942773251","22574.0180300403","6000","7711.64203876861","25791.1199324192","11466.2383053261","6000","6000","27897.7773192506","16244.3792419287","15625.8030047639","6745.03858240831","8881.81862362994","14151.9964119088","22004.245405683","17536.5390401872","16209.4267829099","29543.2782671888","31247.2835971515","30588.1235510178","30785.5581236275","45704.4539168469","35391.357996097","50290.5065335469","62158.5744879667","44175.1419700457","55934.7952236335","59677.2663900468","67349.9834534592","67142.5982484634","79183.9664418387","78739.8897080527","77798.0242171598","99813.5094017109","95220.3590956536","99976.2398133056","106390.127395484","115628.572101559","130925.19028635","126425.701065367","147408.608532441","149972.75387677","150000"
"B12","12224.7524195968","6000","6000","15997.6939778372","6000","6000","6000","6000","6000","6000","7954.56700324061","11151.6736135363","6000","12539.7090417148","15638.7529113936","12384.4042499351","11937.439241272","20555.0775586088","6000","9419.61090471335","10246.4836617103","6780.83579074123","6000","6000","14826.1704283721","6000","6000","6661.51084268966","6000","11225.2389463509","6000","7884.59326413267","12521.5485721898","13961.8327336384","14132.7288190261","6000","20593.8765734412","8143.35509142825","6000","6000","6000","6000","15901.8207691399","11293.7138194255","6000","11128.0610962952","15181.4866104807","12705.4410283564","15528.0808502113","13648.8706130577","10299.096368813","6000","20616.8204596776","17678.0534738905","6000","17779.6668325785","25766.1298694663","12149.1827223527","15322.1804052946","27389.5080877355","23345.7341594247","13431.4445027718","13230.4907997426","15959.3059284293","21551.5987975231","29593.1867078787","23744.8707876418","26043.064678295","32750.6388673959","29123.0552294982","32539.2663332163","38599.4861761904","34296.9211163905","36952.8754347089","33517.0240402385","36131.2299338294","35483.3267926935","52548.3423278124","67116.5471993281","76073.9076837957","68034.4356863136","65280.1537399264","79622.3373184999","83448.9862876017","95477.2039876403","78081.4396793722","99129.8137779009","114367.298658796","122566.263010254","135312.880972299","124994.267343847","136342.477917238","150000","150000","150000","150000","150000","150000","150000","150000"
"C01","6000","8477.70724034408","6000","6000","6141.42288804752","6000","8786.41626208176","6000","6000","6118.66327770754","6000","6180.74274002717","6000","6000","9161.27408837232","6578.37177002177","6785.02369486614","6000","12000.6843425341","6000","6000","7459.23735879208","6000","6000","6000","6000","6000","6797.12002137377","6000","6000","7216.3241785917","10114.1313865905","6000","8517.13171531279","8054.16095376977","6000","9260.01868470964","9892.97180379508","6201.22955011051","6000","6000","6000","6000","7547.9970192395","6892.09441969679","6000","7297.2173312788","6888.48392552392","6000","12480.1601882124","6000","10018.2530472753","9167.17017568478","6000","6000","6602.59938903415","6000","8361.09621747613","6000","6000","6000","6000","6435.90421552897","6000","6386.84902472383","7243.54453618473","6000","6727.41672369598","6000","9558.4763722414","6000","6000","7366.12377390759","6000","6000","6000","6000","7022.03114662151","13958.4037547887","6000","6000","6000","7221.20754375056","6000","7981.89015858961","6000","7641.34168682588","6000","8095.29790073592","8713.12894906274","6000","6000","6015.63287129127","6000","6441.96670109835","6000","7948.49310079627","8935.2266419102","6000","6000"
"C02","6602.86685269582","9967.14564183938","6841.66129204748","6000","14472.5771962732","6000","6924.90197705278","6000","6000","6000","6000","6000","7629.85223589076","9384.12225045557","6000","6835.16411866817","6000","7631.64912183444","6000","6000","6609.1706498427","11427.1515824163","6000","6000","7308.54136629962","6982.45746614699","6000","6000","6000","6000","6000","6000","8646.52366820779","8886.79521234127","6288.28321936584","14898.9932738616","9473.42274805362","9003.76436587607","7076.8272126878","6000","6000","6000","7445.0715322463","10680.7853948506","6000","8482.79148261956","8876.20620594678","6000","6000","6167.10222158319","6000","6793.03971351212","7237.30484810323","7385.6577568636","6000","10119.7553958014","6000","7847.37620126067","6828.25888923139","6000","6000","7906.94263058431","6000","8328.46457044688","6720.17316832766","6000","6768.5126447727","6000","6000","9458.83753856402","6000","9861.39915232792","6000","6000","9216.44690517015","6000","6444.90527941731","6000","6000","6000","9281.40524055155","7535.65650321603","6000","8656.89142162618","9276.81963421639","7230.11700015589","6000","6000","6000","9920.28304782377","7975.41420921747","6000","6000","6000","6000","6348.18193369561","10695.5417901141","8039.84925506901","6000","6000"
"C03","7662.75715547518","7843.11123347431","6000","6000","9102.48406333664","6955.17854524017","6000","9657.06153255291","7949.35569919511","6000","7193.25457096713","12553.8537117368","7138.49169729112","7072.42721229372","6000","6000","6000","13001.065100167","7163.87208088679","6000","6000","6000","7956.60185130843","7890.81360150117","7457.18467260677","10846.2939073487","6000","7987.62692771891","9510.24792878804","6000","6000","6000","6045.52275331463","6000","8115.92825231076","8855.97081711211","11667.8920980793","6438.734309195","6000","6000","11655.5782167187","11896.9492615211","9965.9868491918","6000","12753.3319952397","9291.69618386504","6000","6599.97577834505","11164.5728440492","6595.16888344588","6000","6000","6000","6000","9548.68820478726","6000","9930.20847546618","6000","6950.06727113979","6000","6000","9250.95141253512","6000","6334.29331797982","9278.4013095779","6000","11086.5398894308","7893.58881532895","6356.4326071226","6000","8000.61451589167","11604.158879253","6936.69602130127","7076.42950331718","6843.64554712535","8459.99791216381","6000","6000","7692.66401872797","6000","6000","6000","15862.1296457517","6000","6000","8706.63847805611","6000","9780.45370670886","6000","10730.7539028699","6000","6000","6000","6000","9377.49159345202","6000","6000","6160.80501279048","6758.88951072038","6000"
"C04","14971.1509905709","6000","6000","8851.42825961251","6000","12431.4970149965","6000","6000","6000","6000","6000","6000","6000","6000","6000","14945.9028488257","6000","8625.5615333702","6000","6000","6000","11380.4371619409","12910.4269238273","8600.24125213713","12104.8008248114","6000","12122.1065899736","12701.7849098845","6000","7049.88119883685","8397.21767555071","6000","18614.3491078074","8338.26080303659","8552.27193790891","16022.7114292114","6000","6000","7405.28452666841","6000","10494.6941903671","8285.38675742438","6000","6000","6000","23566.8479402702","6000","6000","16262.2386588","18058.9027765349","25198.3387899066","7822.912468439","6000","12816.6858957099","6000","15841.0379034452","10241.4538052319","14419.5318444359","27127.4809713761","17719.2337676729","30090.5629163575","18997.5332981504","23890.5620911378","28747.9112111515","26532.2255572974","33938.0738511483","28406.7515558794","25944.158306178","30599.1148565353","28531.9132707905","48531.6453763631","34045.082383866","33911.8688624034","54041.2952992624","53377.3208815393","53953.059626318","65562.2898319868","65786.1389745113","77496.9207961267","83550.0672929646","75286.2501868249","93534.3593043032","93653.5039755694","99209.3060683503","110190.251632689","116281.449070487","120032.118986665","141425.522089776","150000","150000","150000","150000","150000","150000","150000","150000","150000","150000","150000","150000"
"C05","6000","6000","10031.6346939012","11069.3686404674","6468.79488166995","6782.59063258076","6000","6000","20819.4540480647","9218.13131146525","6000","6000","6000","14753.6064571513","6000","9217.20149536791","6000","8586.73783591482","18033.7932088613","18186.0797553189","6541.13322626315","9176.46081084056","8066.38510651416","7375.03541042997","6046.68497683265","16799.7987414824","10100.0761162588","14293.4258005381","6000","6000","6889.30468331697","10837.9680936264","11411.5357631141","6000","9303.27527554236","16573.0387315851","6000","9276.08666544163","6830.71923025841","6000","7088.76435427181","8233.17073499362","6000","19774.6720980531","12858.1332611827","16459.9914250424","8743.24581753466","17723.9953549511","6000","11355.6582289615","11144.4570784447","32015.632923205","23158.4170462834","6000","15807.922144365","14015.7608765798","17102.8032882217","6000","15421.1463673789","19588.4430717904","12575.2019408365","29310.2623924923","24514.1900667141","31270.6379359747","33723.4032115547","21413.7737294857","33855.5725501432","19293.8708448881","33705.9910145137","52035.1243566904","29428.5692363263","44323.6267180084","44705.0148397589","55647.3070631121","63057.1769067252","72250.6486422821","70956.4598559586","78954.1546886928","83182.1243496264","100467.064017132","108946.302050708","107216.74788436","122872.119894834","126631.904498188","127931.961337746","132028.483066539","150000","150000","150000","150000","150000","150000","150000","150000","150000","150000","150000","150000","150000","150000"
"C06","6000","9329.15441261601","10196.8284024772","7932.60134302919","8502.31282119709","6000","12340.3361304791","6000","6000","6000","6000","6000","9986.45846746391","6654.91978525457","6000","9419.7144298421","6000","6000","17769.7509614073","7307.98821697037","6000","6000","6000","8200.88763205326","14772.1387970159","7437.76250593112","7152.32895625896","6000","6000","12976.4726243675","6000","6000","8402.75290938427","11139.6721607296","19522.0719329342","21234.1205473183","18985.2094413368","6000","6593.67538043973","6000","9099.26110970309","6000","25715.831206283","12009.9993031416","9735.3656048754","6000","9972.29724154727","20203.770235266","6612.95085207936","9765.0815443267","23607.4015092547","9904.58687544538","14448.919689652","8904.87975720919","22229.4529992048","16125.614613609","28838.4419164228","14980.9181397474","16085.8079631121","23723.4398899303","22268.30412705","13588.1519715915","13730.2625925649","27598.8345787991","44540.2252638253","29419.7793859689","35285.4761034695","37506.3531972092","43794.5098698801","47660.1177465067","54848.4792959905","53178.2984552075","56601.2471649606","52229.5422900163","56325.0078810585","77844.4654815259","76893.1028543875","104077.655035406","100004.570898466","108241.16877757","128318.938033426","130238.595624317","137161.477067467","150000","150000","150000","150000","150000","150000","150000","150000","150000","150000","150000","150000","150000","150000","150000","150000","150000"
"C07","6000","7653.05186620144","6000","7659.65497839022","6000","6000","6000","7245.15106896412","6000","6000","6000","9189.78132052937","6000","6000","6000","8335.5377298234","6000","10396.8739405399","6000","6033.04807459162","7175.94929926634","6000","6000","6000","7457.23052586178","6000","8504.67582579082","11441.6434069615","6064.22820810946","6000","9340.06937875932","8007.88212664637","6000","6000","7058.78657600014","11403.7443805075","8908.39849494527","6000","8151.93288432222","8670.09025961518","8406.58915154669","6000","6523.44426632356","8855.53557258045","6000","6000","6000","6365.88234374753","6000","6476.71007881548","6000","7817.91389759961","6000","8056.99248088673","6000","7577.66246829475","7791.43704493292","8010.79588725058","7623.62122945291","6000","6993.74125982499","6000","8951.13999848268","6000","8418.12582610445","6000","6000","8500.38890035644","6000","6000","8254.78371157493","6000","7548.20767507074","6429.63110667902","6195.82673765327","6000","6000","6000","6064.08318363111","6000","7327.46794702252","6000","8222.06568553245","6000","6000","6000","8079.41648825541","10491.9144044851","6748.39922324629","7337.20252956807","6000","6898.56507536624","6351.94853411628","7527.2733570428","6000","11701.7373001678","6000","6000","8247.33331756557","10432.7812765474"
"C08","6000","8312.07184124718","6000","14370.5887073885","6000","11312.0926209428","6594.00743193057","6000","6507.24210128577","6000","7112.44859991479","6000","6000","6000","7761.02505151937","6000","6473.44262012667","7455.0091627197","6000","6000","6822.19589696641","7692.34043291914","10921.9677440739","6000","8256.57134915822","6000","10068.6400153922","6000","6815.82736442558","7213.09405162254","6000","7463.03615490703","6000","6000","7990.35643494199","8930.15758639717","6501.95739757224","6000","10589.2975367053","8408.58416015154","6000","6848.17065280601","7162.9599687153","10709.7417763059","12302.8930883577","6224.92955285807","8937.29370957926","6000","6711.26613786356","6823.05742021633","6117.85943845682","6720.87012423194","6000","6000","6000","6040.18632755472","8226.45370731155","6722.59471926971","14449.3061052568","6000","6000","8509.31117976413","12874.7459174663","10460.4142174543","9889.30120652463","6000","6000","9117.98857383788","7008.72914945866","6000","6000","6000","6000","6000","8164.71061622105","8656.16039455299","7187.90617995159","7111.76816450377","6000","6000","7107.50579518334","6000","6000","6000","6000","10489.948001083","6000","6000","6000","6109.2642089131","6669.73093428715","6807.98801424335","7338.92123358933","11567.3880141896","8012.45491345304","6000","6000","10946.0178023294","8522.10985255209","6000"
"C09","8496.91293024457","6000","6000","6000","6000","6000","6000","6455.41548700647","7162.32468326042","6000","9890.41272678669","6000","6000","10356.6792800291","8290.63740816067","6000","8761.83164523923","7816.90187189302","6000","6000","6683.67062345311","6000","6652.43232208037","7410.17421725686","6159.45814657678","9751.01090479132","10055.981169851","6000","8707.3199684562","6000","6690.82116385465","6000","6000","6000","6000","6076.6861222798","6000","6000","9393.82388269019","9349.52239235389","9501.61194324047","7047.9267187482","6000","6000","6000","6000","6000","7571.93150062798","6000","6000","9758.11239370354","6000","6000","6000","6000","7690.39242808427","6000","6000","6802.80189683724","9039.10119399321","7678.77822165558","6000","6000","6068.48239858576","6000","12974.3597801685","6000","6000","9081.71422493671","6000","8784.28803244848","6000","6888.34520988094","8728.33764943339","6000","6729.75984170559","8781.93467121378","6625.73029170859","6136.48751171687","8027.52389695998","6000","8372.08380042128","7575.33962654891","6000","6000","6000","7709.86279260525","8356.33026001278","6000","6000","6000","6000","6000","13728.3605750701","9929.38064861507","7497.93358359027","7968.49301565322","7413.96919568041","6827.11604746691","9014.78802258141"
"C10","6000","8702.09522898056","13361.7276480171","8052.6805912288","6467.91506513542","11306.995450718","6000","12754.083228208","6999.78715140418","10549.9374399839","9366.00220876434","6789.80266561684","8057.36514376364","6000","6000","6000","6000","6000","6000","6307.70012466267","6341.18845125401","7502.7434236844","8650.74014697407","6987.8870958245","6000","6343.05730841051","6000","6000","6000","7656.89763560151","6000","6000","7243.34782195212","6834.81900000375","6000","10615.3716200519","6000","8785.88301617587","6000","10596.4058035816","8753.22878177991","6000","6000","6000","8590.83520459785","6000","6000","8931.11885370977","6000","7575.77775042143","6000","11483.7064287626","8287.8586517399","10488.1962342423","8123.54771530562","7461.19680873009","6060.07016896694","7432.46861542682","6000","6000","6000","6000","6000","8795.11157385937","6000","8393.65719258887","6000","6723.48401094979","6000","8995.95814908746","8370.70019506003","6000","6000","6000","11741.8198371066","7455.04132372019","6000","6000","6000","6000","6000","6000","6000","8456.61294575537","8514.71397850675","6000","6000","6000","6162.17670240249","6000","6000","6000","10088.5056809471","10173.692504865","6492.96790552854","6000","6892.49572474531","9665.24462348318","6000","7337.62795117012"
"C11","8211.61088892605","6000","8192.00643257047","7492.09404837629","7159.39833662187","6000","6819.3155401986","6000","8342.91593626048","6000","6037.46183295203","9359.50630449697","8340.1780165787","6000","6885.00245304851","6000","9409.76534228564","11446.729434985","6737.26917368413","6000","6447.59085543564","12152.2410694851","6000","6000","10489.646431883","10050.3166152795","6000","6000","6000","6000","11757.5322447297","6000","6933.89679486937","6871.64504936823","9986.00721340334","6389.67972265391","6000","8309.82723726007","10154.7114480415","6000","6574.05541234309","6714.4454297124","6000","6000","10312.104460502","7621.53354938214","7962.92781475653","6000","8050.97712912383","6106.82221060946","9355.11262606175","11328.331465432","6000","6709.54657173717","9231.83060923162","6000","9312.91399769061","6422.92360691645","6000","6000","10674.7265467288","6000","9837.38230446014","6000","6000","6000","6000","6000","6000","8071.93155218422","7255.94444209401","6000","6000","8912.80365568326","10553.8054996525","6000","6000","6000","6000","6000","9763.10242431675","8168.7251017424","9766.66971749594","7508.22479728926","7497.8418757516","6000","6000","6000","7857.0790594871","6000","8675.81152436757","6839.2981938199","10405.0400137745","6000","8700.62303887756","6000","6000","7512.69888762153","7847.75432860347","6000"
"C12","8977.49250815915","6000","6000","6000","9604.28281093056","8820.78425248286","6076.07803120605","6927.96528584568","6000","6000","6000","6000","9448.45518743423","9041.30167405987","6000","6000","10938.1548122485","6000","6000","6772.82881356818","6000","6000","6000","6000","9868.68285080208","6000","6000","6000","12745.0970615185","6000","8771.18422513713","6000","8667.16181315875","6000","6000","6000","13264.7347642874","8095.76424997166","9890.43651606662","6000","7436.21236198657","6131.37522211275","6000","6000","7458.98190639165","8343.95199081719","9057.15320119137","6000","11555.705869017","7845.44710693606","6000","6000","9462.25561605653","6000","6000","6000","6000","6000","6000","7289.02038436091","6000","6000","6000","7047.84700812825","6000","8562.19692914301","10095.1105529348","9560.4829261893","6000","6058.32506885067","6000","7736.29658639458","6000","6000","6000","10492.6839253522","6871.17174281478","6000","6000","6000","6379.84533554098","6714.60450835338","7898.36570310392","6000","11125.6256910646","6000","6000","6000","9353.66575399028","9715.57491344591","6000","6000","6000","6033.55113986423","6000","10257.2719962541","6000","6918.1527972876","6188.46818144483","6839.51821546802"
"D01","9569.48838398088","6000","6000","6000","6000","13992.0647579458","6000","8132.06053694542","6000","7650.05650528377","6000","15739.0775624392","6000","6000","10363.3434383565","6000","16699.592510772","6000","6000","6017.73885958487","6000","6000","6000","6000","6000","7232.82414073468","21762.8984262513","7891.34079504746","6000","6000","6000","16354.1776985015","6000","6121.34822243742","6785.90976308311","9351.57511021406","6000","15100.704260224","6000","6000","6000","6000","11702.2136066176","12656.2638372012","6859.75336895565","21326.4327560492","7285.59137711105","6000","6000","26074.6485694681","6000","10686.3205523451","19549.1412620027","22576.6710448481","18223.0903501525","30249.0433374961","8582.62091573902","10367.0799570334","23825.2361859451","26156.3695355446","27799.413389135","32673.5042354246","42154.6955408332","31674.5643174571","40362.5272867361","36919.7086863777","43077.3841432587","36692.1629645355","52144.0518683588","54518.3922078841","63389.4782806467","57703.6647166772","56139.5706290483","62444.4308711791","82821.3461043423","83024.1657734605","100877.483530743","105950.488139077","104428.304102566","113314.837804893","130017.337151123","150000","150000","150000","150000","150000","150000","150000","150000","150000","150000","150000","150000","150000","150000","150000","150000","150000","150000","150000"
"D02","12124.369501841","6000","6000","13873.5184924892","6000","9417.94392431473","11672.8670396348","17459.6818722155","6000","6000","8141.5361199119","7761.73182373579","17153.5068121869","15337.4891501814","14821.4299128945","9423.35472652203","8400.82985383565","6000","6000","6000","6000","6000","22336.147276752","11201.3584275775","6000","8041.00637610311","6000","10428.3981599375","6000","6000","9626.29375828278","6000","7334.38428392176","6512.23057906993","7058.75200732169","6000","6000","6000","13784.6871959494","6000","9564.59367317384","6000","16010.1027349954","6138.90784743228","9697.89777924912","14971.371143554","11547.7979673702","10518.823178394","6000","11813.3160509997","16293.9642127854","17272.3477063829","20780.6664651237","22636.3418102989","24533.1891909086","6000","24049.3342657647","19050.742493193","27413.985461553","26768.8734224688","29788.436071867","40967.3407747596","31874.0034130337","40496.5154956722","36732.4503015124","51974.9583170894","54658.358065525","43900.7129104842","60222.7005659687","70424.3561356067","62972.9697099671","91444.8705267064","78744.2574610805","83717.2076615561","109153.339595755","115462.659299883","111195.970987549","129142.06071172","143999.940545734","135323.76071876","150000","150000","150000","150000","150000","150000","150000","150000","150000","150000","150000","150000","150000","150000","150000","150000","150000","150000","150000","150000"
"D03","6000","6000","6000","6000","6000","6000","8923.24378565608","7440.77973186363","8621.12937383465","6000","7225.4809615987","6000","7195.33335143763","8005.85332638521","8295.53846926692","6000","6466.04883650595","7850.11558605225","6000","7362.87031103376","6000","8095.98862422939","7715.72219696049","8422.08542084573","6000","6757.90508448037","6000","6000","10259.4273344434","6000","6000","7202.74558130372","9099.06142317523","6804.95305090517","6000","7945.63533451427","6000","6195.22621536778","6245.40850778708","7617.89406771597","6000","6948.86891714594","7077.91667708601","7829.10391765627","6238.95419176491","6000","6000","6000","9273.29948775746","6000","6000","6000","6000","6000","6000","7071.64080506498","6000","6000","9517.80152478381","6301.87871672552","6000","7483.32268980378","6000","6000","12385.2932665178","6000","6000","9059.79304579565","6000","6776.97046301723","6000","6143.22618371329","6000","6000","6542.36916541978","6000","7995.138544662","12206.3880497737","7978.56382502476","6000","11838.5719295831","6000","12085.8279640046","6000","7245.07048529219","7980.89173298788","6000","6000","6000","7900.05585864548","6000","6000","6000","6000","7501.25440664071","6000","12305.0752956561","6000","6000","8824.45078443257"
"D04","6000","6000","6035.66071790376","6183.80353641614","6331.37676809199","6000","6000","6000","10904.1259917473","9154.89761861751","6000","6000","7142.63204007478","6000","6000","6000","6714.1388913255","9111.70523031123","6000","6000","6491.16157580102","6000","11022.8814098131","8327.9641596051","6000","10962.1108463189","6000","9122.6489150102","6728.88469255651","7641.36208737432","6000","6000","6000","6893.85708815707","11217.1371496703","6000","6000","6000","6728.72131761375","6000","10150.4695881391","12611.2043648501","7027.70297434394","6000","6429.44050910972","6207.73101160734","7799.23412149612","6000","6000","6000","6000","6107.85428531257","6000","7504.67964060165","6000","7697.51003528826","6000","6000","6000","12375.481595378","8386.7153585724","9857.52836344749","6204.83151549465","6000","6000","6000","6000","6309.56862066452","9180.76326532476","7432.94616059525","6035.50328712753","9027.70452108487","8180.43075417624","9917.86363036538","6680.43727852706","6000","6000","6000","6000","8850.16211393316","6141.90439602767","6000","7986.52535409128","7778.03870360402","6000","6000","6000","6662.82446624744","6000","13502.2523791644","6000","6536.27803189572","7608.88385903322","6000","6000","6362.80313494465","6000","6297.68600266729","6000","12744.9349657875"
"D05","9225.98499601964","7604.46364249246","7050.98167197219","6000","6000","6289.30757073112","6236.34491771273","7365.25343974501","6000","6079.26581838563","6000","7905.93708027147","6000","6000","9054.06161921671","6000","7960.73920922395","6968.6588445252","6037.76391398954","6000","9765.24760971284","6000","6000","7540.59630987154","6000","6188.99210662687","10191.2372318121","6517.61824016681","7059.72111842193","11289.1177522065","7668.17616000545","8373.04692531849","7856.25992146148","6000","6000","6000","6579.08659746189","6637.92751251119","13164.1561230597","6802.4114512364","6000","6000","7454.95941175289","6000","6000","6000","6000","6592.84970351947","6000","6099.61370153473","9392.91845636596","6000","6000","6000","8385.68467230089","9242.34226482608","12518.6663316922","9299.63966487164","6000","13031.5340587787","10360.8459902439","6000","6000","6000","6000","6785.13083494132","7416.93557986424","6000","6000","6000","6000","9363.93088215561","6000","7964.35216475182","6562.48699808134","6633.13996853136","14893.7043864776","12432.9731259033","6000","6000","6937.73808547678","6000","6000","6000","6000","7487.04022889082","6000","7379.20552248715","9239.39681640489","6000","6000","10040.257665455","6622.63018081239","12563.4884494173","6713.28807219195","6000","6000","6000","7283.57609857289","8666.90764376243"
"D06","6747.25198922932","9823.95592594334","6770.46177091172","6102.81619186687","6000","6000","6513.20536186705","6000","6000","6000","6000","6732.68701155513","11092.9644798958","6000","12069.0283838853","7996.32955917991","6000","6000","6000","6674.60236743433","6623.6402868007","8901.06708000962","6000","6476.83886017751","6000","6000","6000","9166.37387162423","7406.51420379313","6385.19584188721","6000","6000","6000","6000","9511.21924082612","7642.9246622025","9801.07401507284","10055.2355600021","6308.82933788221","6000","6000","6290.98656517154","7941.61233470676","9931.76804363627","7345.86511686177","6000","6253.23214492121","7790.22702220046","6000","7351.30916261685","6027.91292332866","6000","6000","6469.61982573008","6000","6000","11659.1218494719","10011.7340661357","6000","6000","8690.64211331689","7157.32282207414","6720.17223405706","6000","6000","6000","7884.86916512431","6216.60067840783","6000","10779.2443750859","6000","10342.6113312301","7306.62639650078","11340.5587778303","6000","6000","6000","6000","11243.7186356857","6397.10757026619","8381.14761554487","6000","6000","6000","16544.710271196","8183.12280338124","7010.89257094094","6000","6000","6000","12967.126596867","6160.90937969214","6249.29110537032","9234.99575918658","6000","6000","9474.95029257358","6000","8611.98909153897","6000"
"D07","6061.55302002817","6576.51899085794","8719.95965425994","6000","13591.8327777052","6000","6829.68245440007","6000","8906.86719283272","6000","6000","6000","6000","8517.72599796021","6000","6000","7882.56622365392","7279.54950199173","6000","7321.95469295557","10081.941956389","7119.55920641394","6000","6000","9106.46878341821","6000","6336.51926501054","8178.11504886998","6000","9997.80662886595","11096.1258171709","6747.93609288591","8029.2763262169","6000","6933.4232164209","6154.1008035804","6000","6000","6000","9101.16753063662","6000","6851.61300827848","8484.41559372595","6000","6902.44372305771","7677.86041887234","6000","9217.18348169313","6000","8842.50881512276","13430.840205164","6000","6000","6457.93888071908","10069.0994672209","9151.04144523045","7621.60060059842","6000","6000","6188.22956362912","8389.83768622495","8637.93403137192","6000","6000","7343.11310565469","7882.79181252289","6516.69979782958","7401.44286574344","6000","6000","6000","8495.62911312227","10474.6128034661","6530.93300489837","6000","6000","8716.4504613579","6000","6000","8012.04201038032","9439.26052066684","6189.85705627593","6000","6000","6786.91780215132","8621.00675164349","8948.55453699493","6359.30406954267","8732.53059507275","6000","6940.74873736574","6000","6000","12252.0970582959","6000","6000","8166.44544232111","6000","8315.54904086822","6000"
"D08","6000","6000","16140.7701410393","6000","6000","9100.10846329276","6000","6000","6000","6000","9567.36539404257","7660.76316807153","6616.34569374019","11386.8804368871","7576.55508779602","6237.26735697947","6000","6237.63269918509","6000","13181.7583640114","7368.46572577905","7600.92901438007","6000","8592.79768699642","6000","6847.69169258962","6000","6000","6000","11782.2358597899","6000","6000","10152.4629984681","8753.05879516773","9476.12464397399","9636.00359722458","6574.20611872249","6000","10706.2094259222","6000","6044.18722162882","12197.4082982102","6000","6471.43045747557","6000","6000","6000","6551.20832140236","7235.9279186268","6000","9127.59932071688","6000","6000","8941.04157836924","6000","6000","6000","9920.40402635721","6000","6542.74711063818","6470.17242548967","6000","6000","6000","7312.22470851696","6000","6000","13655.5058174765","9901.45563648066","8058.82328370953","9938.89430989587","6000","8028.09840417394","10530.2844240754","6000","7035.85128067832","14402.4176129692","6000","10174.706508037","6000","6000","6263.11844250058","7647.74928007114","6000","6000","8111.71331858199","6000","6000","6000","8918.54098074925","6000","8554.17928915694","6000","6000","6000","11699.4715330079","8935.6357302227","6000","9370.04261280942","9684.72831206781"
"D09","6000","6000","6000","6000","7272.29905159985","6854.56368951896","8125.7521150247","6697.01143623282","8392.54931921711","7253.67214611691","6000","9399.06593291868","9647.11036730637","6599.93065174928","8209.48624036931","9194.33723307856","9839.76223044804","10567.0003124565","6000","6236.50175896187","6000","6000","7735.80807284348","6308.77865878244","8637.4321924756","11957.2143333181","7760.20546786712","6780.0607958134","7565.00168091746","6000","6000","9368.16675774061","8034.81567041671","6466.42033762923","6747.8156403563","7650.05302068489","9473.40011719646","10440.3286182625","7396.62423918069","6000","6570.6801534123","8004.62685020701","6000","6000","6000","6000","6000","6000","6000","6178.03216943057","6000","8353.10376635721","10549.4136995021","6000","9646.10288832698","6000","6000","6000","6000","6229.83071568689","6000","10109.9301038058","6000","6000","6000","6000","6000","6000","6327.01244318011","6712.57086235889","6000","6141.710972672","6000","6000","6000","6000","8268.34873170221","6000","7130.02626095464","6000","6117.72287322385","6608.70229252515","6000","9926.89770169366","6000","6000","7336.43554924793","9428.10266777154","6000","6000","11332.7233018933","8613.5084883098","6000","8846.60293484179","7150.62856183882","7919.46524278088","7388.99114124832","9759.99879805991","8643.77748543108","6000"
"D10","10729.9669981881","6000","8162.22175767032","6000","6030.19991649932","6000","6000","6000","6000","6000","6000","6000","7651.25029187569","9283.98215329446","6000","13823.7653708384","8281.49199540101","6960.20243094747","8799.78119984474","10124.8762799408","6000","6000","6000","6000","6000","6000","7648.12079785932","7097.46236135005","6000","7307.48585044802","6000","6000","6000","6000","6000","6000","6000","6000","6480.0153040914","9030.24890970491","6000","6000","6622.16509214062","10611.1306538463","8857.24512882561","7517.60716369579","6000","8101.28505251345","9926.83846173666","9773.8805714961","6000","11218.0224528706","6000","6678.3353884708","7099.46873412442","10517.7758200268","8203.44178698356","7034.12911904226","6413.04503369316","10254.6721600163","6000","6227.18307012566","6000","6000","6000","6000","6000","6812.99250723237","6000","6000","6000","7267.9178986043","6505.99767588176","6000","7864.54081339087","6783.97185513097","6000","6000","6000","12373.4214636628","6380.50370150967","6000","6000","6922.39839760227","6000","6322.92872402518","6000","6000","6693.79380435177","6000","7160.53945210926","8440.17794487054","6696.78150200383","6000","9678.91444408495","6406.93371553797","6000","9133.23394614064","6000","8358.09822858566"
"D11","6000","8140.8954157922","7739.49423559483","6999.34500713253","10380.057477527","13743.595081106","6494.04847633348","6186.78336006046","7438.85539554275","9915.0314221526","6000","6800.83114227889","6980.48695101483","6000","8313.63434459092","6000","6365.60053476125","6000","8419.56561242174","9180.2926888778","8202.18562043052","7321.40450822709","6148.45463276124","8194.37357608262","6000","6000","6000","6000","6695.64977088251","8152.96114902552","6000","10334.3225243075","6000","6000","6000","6687.0151757723","6000","8788.45168559222","7538.60365930147","6000","6000","6800.76663333516","7839.289572773","6000","9272.89481861844","10377.6516785808","10886.8854556839","6000","6000","6000","6000","6000","6000","6766.64747069998","6061.43002783463","6000","6000","6000","6000","6000","6000","6875.78276953488","9169.30119616448","6000","6303.64645541721","7691.97546266108","6000","9453.00516632752","6179.82167760004","6000","11535.9585436208","6230.19070711635","6000","6000","9144.28053346672","7577.28768345545","6671.24327430529","6000","12041.7386102032","6000","12178.0120664047","11610.0651167956","11417.831666706","6000","6000","6000","9676.45054533281","6000","6305.51163544479","7002.08054444076","6231.830412664","6000","6000","6000","6390.61577367971","6000","9191.89853893439","6000","8919.56835778963","6000"
"D12","6680.1917117131","6849.85318469102","6862.99410305078","6000","6000","13419.4837394486","6000","9083.45671065798","11236.9917111182","10041.1293521463","6000","6000","6000","6000","7323.46716784188","9382.5044562499","8926.53704049019","6000","6000","6000","7065.27131250996","8179.84979745759","6000","9471.47680396718","6000","6000","6000","7677.67362441722","7996.46441950245","6000","7956.08973857652","6000","6016.83331366003","9456.42587636916","6000","6635.37880460766","7904.31044807158","6000","10251.8913464422","7182.21693168876","7438.54242259974","6000","8929.45563021665","6000","8228.71647159123","6000","6000","6734.60541008806","9185.59768600885","15378.7868370843","6000","6000","9237.51414858301","6000","6000","6909.92634333084","6765.75716311089","6000","6000","13094.2601577745","8094.99195864306","6000","6000","6000","8242.29360744478","6436.1236411372","6000","6000","6000","6000","6000","6000","6000","9399.34713956944","8695.3007943371","6000","6087.47472849773","7381.41771799704","7309.85735734975","8034.0401337733","8570.22937874388","6000","6000","6000","9900.39690731658","6334.97344729751","6794.64962003063","6000","6000","6000","6000","7365.80740601006","8526.28475409096","6000","6000","8746.82679462835","9195.23044239636","6000","8514.08788943574","6000"
